Задача,Вариант,Brier ↓,Log loss ↓,AUC,Примеров,Положительных
1.5x_1,Базовая частота,0.23522900465190555,0.6633074515811075,0.5,2970,1846
1.5x_1,Логистическая,0.2352435141801834,0.6633382439613342,0.50756685610515,2970,1846
1.5x_1,CatBoost,0.2352501550425486,0.6633522435963303,0.5050797530873717,2970,1846
1.5x_1,LightGBM,0.2353213554282564,0.6635052269593825,0.5042618839233044,2970,1846
1.5x_1,XGBoost,0.2353520542383194,0.663571834564209,0.5017697204304392,2970,1846
1.5x_3,Базовая частота,0.05783242131860888,0.23149842841531848,0.5,2970,2787
1.5x_3,Логистическая,0.05795442685484886,0.23275458812713623,0.4963707376755075,2970,2787
1.5x_3,CatBoost,0.05796845141308718,0.23288994139658784,0.45949676581944665,2970,2787
1.5x_3,LightGBM,0.05788709718395073,0.23208526673826058,0.5079859456767466,2970,2787
1.5x_3,XGBoost,0.05792353302240372,0.23239627480506897,0.4527931202832825,2970,2787
1.5x_5,Базовая частота,0.011657618668615291,0.06448213055722311,0.5,2970,2935
1.5x_5,Логистическая,0.011678069829940796,0.06623823195695877,0.502350936967632,2970,2935
1.5x_5,CatBoost,0.01168721768275778,0.06701743523266193,0.4227597955706985,2970,2935
1.5x_5,LightGBM,0.01167940542046997,0.06666307514660029,0.5139157945972256,2970,2935
1.5x_5,XGBoost,0.011694799177348614,0.06805680692195892,0.5135945485519591,2970,2935
2x_1,Базовая частота,0.24904190100930962,0.6912297647518426,0.5,2970,1393
2x_1,Старый 2x: балл (не вероятность),0.25184589225589227,0.6970200130791586,0.5039080264079706,2970,1393
2x_1,Старый 2x: калиброванный,0.24918640450605412,0.6915205756505105,0.49609197359202933,2970,1393
2x_1,Логистическая,0.24918517470359802,0.6915180683135986,0.49216414530301655,2970,1393
2x_1,CatBoost,0.2491202592294582,0.691387483282327,0.5098449489953618,2970,1393
2x_1,LightGBM,0.24919428293444504,0.6915364410046366,0.49385868558300156,2970,1393
2x_1,XGBoost,0.24917326867580414,0.6914940476417542,0.5005007372217551,2970,1393
2x_3,Базовая частота,0.129831378309693,0.42859927312870155,0.5,2970,2515
2x_3,Старый 2x: балл (не вероятность),0.2659469023569024,0.7247707833776831,0.5061490398269721,2970,2515
2x_3,Старый 2x: калиброванный,0.12964301847744217,0.42786854924340284,0.5061490398269721,2970,2515
2x_3,Логистическая,0.12973517179489136,0.42824509739875793,0.5044484739912176,2970,2515
2x_3,CatBoost,0.1297722181890729,0.4283805603005286,0.4870207327463789,2970,2515
2x_3,LightGBM,0.12975072024531306,0.42830059968087475,0.516762283442204,2970,2515
2x_3,XGBoost,0.12971098721027374,0.4281509816646576,0.5250510126056847,2970,2515
2x_5,Базовая частота,0.040194678667834154,0.1754131078563483,0.5,2970,2846
2x_5,Старый 2x: балл (не вероятность),0.2712735016835017,0.7353490909011733,0.510961904653957,2970,2846
2x_5,Старый 2x: калиброванный,0.040025978133966585,0.1736828263250986,0.48903809534604314,2970,2846
2x_5,Логистическая,0.04007423296570778,0.1742151975631714,0.4929385895314306,2970,2846
2x_5,CatBoost,0.04004716703352864,0.17396856137830802,0.4982063110647655,2970,2846
2x_5,LightGBM,0.04002468569997645,0.17366731046723755,0.49726271167229613,2970,2846
2x_5,XGBoost,0.0400218702852726,0.17363640666007996,0.5198410899281392,2970,2846
3x_1,Базовая частота,0.21342544324156565,0.618101179089792,0.5,2970,917
3x_1,Логистическая,0.21343936026096344,0.6181339621543884,0.49370711053483984,2970,917
3x_1,CatBoost,0.2135120965974595,0.6183045974433838,0.4910687394726764,2970,917
3x_1,LightGBM,0.2134373383397013,0.6181253470161631,0.5047466244838923,2970,917
3x_1,XGBoost,0.2134229689836502,0.6180919408798218,0.5052222961742823,2970,917
3x_3,Базовая частота,0.22080826333058473,0.633628134641066,0.5,2970,1996
3x_3,Логистическая,0.22047604620456696,0.6328912973403931,0.4908597996814985,2970,1996
3x_3,CatBoost,0.22110194787105944,0.6342811494320076,0.4899779024167431,2970,1996
3x_3,LightGBM,0.2204916834531048,0.6329262131072472,0.4924268454774025,2970,1996
3x_3,XGBoost,0.22048448026180267,0.6329100728034973,0.49289595618341403,2970,1996
3x_5,Базовая частота,0.13592989162607744,0.4436182705634652,0.5,2970,2489
3x_5,Логистическая,0.1357545554637909,0.4430059492588043,0.5069662022253424,2970,2489
3x_5,CatBoost,0.13585810439680934,0.44337188612410733,0.49353621631644934,2970,2489
3x_5,LightGBM,0.13577205851356816,0.44306718319142874,0.4937959871668188,2970,2489
3x_5,XGBoost,0.13575102388858795,0.4429914355278015,0.5082458451281272,2970,2489
5x_1,Базовая частота,0.15321881241705476,0.4846372265598062,0.5,2970,561
5x_1,Логистическая,0.15342499315738678,0.48535364866256714,0.5012538393975651,2970,561
5x_1,CatBoost,0.15325266421332115,0.484750972213318,0.5018583757137709,2970,561
5x_1,LightGBM,0.1532585731137583,0.4847698490776849,0.5020870191919931,2970,561
5x_1,XGBoost,0.15325798094272614,0.4847678542137146,0.5189603899222242,2970,561
5x_3,Базовая частота,0.24982714605647152,0.6928134266871505,0.5,2970,1397
5x_3,Логистическая,0.24956338107585907,0.692294180393219,0.5139789604551757,2970,1397
5x_3,CatBoost,0.2495176104532516,0.6921873135731134,0.49681908512519557,2970,1397
5x_3,LightGBM,0.2494265582907737,0.6920034859773633,0.5205221342073038,2970,1397
5x_3,XGBoost,0.24942569434642792,0.6920017004013062,0.5231915543297075,2970,1397
5x_5,Базовая частота,0.22765835423663772,0.647879812889765,0.5,2970,1942
5x_5,Логистическая,0.22722771763801575,0.6469230651855469,0.5238637410988711,2970,1942
5x_5,CatBoost,0.22696930609283877,0.646380361691466,0.49514620492332106,2970,1942
5x_5,LightGBM,0.2269765400502521,0.6464289295361054,0.4976231932261257,2970,1942
5x_5,XGBoost,0.22697483003139496,0.6464252471923828,0.49850504113453575,2970,1942
10x_1,Базовая частота,0.09469791809025277,0.33834238843410064,0.5,2970,314
10x_1,Логистическая,0.09465077519416809,0.33806687593460083,0.48551710824188477,2970,314
10x_1,CatBoost,0.09478671482553815,0.33898441364099224,0.5089138400736705,2970,314
10x_1,LightGBM,0.09464466314486386,0.3380314242083911,0.4915262163302893,2970,314
10x_1,XGBoost,0.09462806582450867,0.33794695138931274,0.484860620827258,2970,314
10x_3,Базовая частота,0.20416371218563942,0.5991544269543299,0.5,2970,839
10x_3,Логистическая,0.20349057018756866,0.5973562002182007,0.4914514664896256,2970,839
10x_3,CatBoost,0.20418763372392465,0.5992312742888403,0.49252898217974184,2970,839
10x_3,LightGBM,0.20342754847451108,0.5971879119034309,0.5065993291604886,2970,839
10x_3,XGBoost,0.20342788100242615,0.5971887707710266,0.50269253077198,2970,839
10x_5,Базовая частота,0.24769410359657784,0.6888348926425595,0.5,2970,1265
10x_5,Логистическая,0.24622735381126404,0.6857125759124756,0.48893303814634936,2970,1265
10x_5,CatBoost,0.2467729058371754,0.6868868961235761,0.49665920971798827,2970,1265
10x_5,LightGBM,0.246030674045409,0.6852962279932615,0.5171576275312089,2970,1265
10x_5,XGBoost,0.246100515127182,0.6854434013366699,0.4778514714916602,2970,1265
20x_1,Базовая частота,0.04886797888887988,0.2030227321526588,0.5,2970,153
20x_1,Логистическая,0.04893450438976288,0.20376604795455933,0.4481462920039629,2970,153
20x_1,CatBoost,0.04887418598455299,0.20309068823620569,0.48676685204906717,2970,153
20x_1,LightGBM,0.048863711660577035,0.20297743546637198,0.493119505523189,2970,153
20x_1,XGBoost,0.04886382818222046,0.20297852158546448,0.5080916285577064,2970,153
20x_3,Базовая частота,0.1251417313826725,0.4170666903523557,0.5,2970,435
20x_3,Логистическая,0.12532556056976318,0.41782718896865845,0.4387562628941939,2970,435
20x_3,CatBoost,0.1250050025238144,0.41649437639700093,0.5462096170849486,2970,435
20x_3,LightGBM,0.12494728532032778,0.4162859873223914,0.5145172187082001,2970,435
20x_3,XGBoost,0.1251683235168457,0.4171845316886902,0.4619637715658935,2970,435
20x_5,Базовая частота,0.17808593904513267,0.5416695543557188,0.5,2970,687
20x_5,Логистическая,0.1799003630876541,0.5470450520515442,0.4357363233468564,2970,687
20x_5,CatBoost,0.17777544030933112,0.5407659338761422,0.541224581920288,2970,687
20x_5,LightGBM,0.17820067660535324,0.54202488495108,0.4769959723824152,2970,687
20x_5,XGBoost,0.17894300818443298,0.5443734526634216,0.4693765258180042,2970,687
50x_1,Базовая частота,0.018825218651242228,0.0949188095940149,0.5,2970,57
50x_1,Логистическая,0.01883065328001976,0.09505093097686768,0.5175047126914437,2970,57
50x_1,CatBoost,0.018824792675287853,0.09497121496142837,0.5128070777699484,2970,57
50x_1,LightGBM,0.01885483487926273,0.09561193698747307,0.46940815822598025,2970,57
50x_1,XGBoost,0.01885208860039711,0.09552612155675888,0.44453478357755016,2970,57
50x_3,Базовая частота,0.051879014754531654,0.21273000623626728,0.5,2970,163
50x_3,Логистическая,0.05194402113556862,0.21329456567764282,0.5082932458511915,2970,163
50x_3,CatBoost,0.05194577752786503,0.21331042485874432,0.5220078637761425,2970,163
50x_3,LightGBM,0.05199508650085412,0.2134686288995844,0.5354940868687178,2970,163
50x_3,XGBoost,0.052185315638780594,0.2150375247001648,0.47173914468867273,2970,163
50x_5,Базовая частота,0.08101645366413147,0.300131177112511,0.5,2970,264
50x_5,Логистическая,0.08124251663684845,0.3015003204345703,0.5038109756097561,2970,264
50x_5,CatBoost,0.08118827957820528,0.30109502179457626,0.49961785258348446,2970,264
50x_5,LightGBM,0.08107243575930713,0.3003615579628301,0.5638872091200251,2970,264
50x_5,XGBoost,0.08122064918279648,0.30126604437828064,0.4671647181347846,2970,264
